MONITORING LPP DAN PP,,,,,,,,,,,,,,,,,,,,,,,,,,,,,,,,,,,,,,,,,,,,,,,,,,,,,,,,,,,,,,,,,,,,,,,,,,,,,,,,,,,,,,,,,,,,,,,,,,,,,,,,
CABANG BATAM ,,,,,,,,,,,,,,,,,,,,,,,,,,,,,,,,,,,,,,,,,,,,,,,,,,,,,,,,,,,,,,,,,,,,,,,,,,,,,,,,,,,,,,,,,,,,,,,,,,,,,,,,
PERIODE :,,08/09/2026,,,,,,,,,,,,,,,,,,,,,,,,,,,,,,,,,,,,,,,,,,,,,,,,,,,,,,,,,,,,,,,,,,,,,,,,,,,,,,,,,,,,,,,,,,,,,,,,,,,,,,
SPAREPART EDP,,,,,,,,,,,,,,,,,,,,,,,,,,,,,,,,,,,,,,,,,,,,,,,,,,,,,,,,,,,,,,,,,,,,,,,,,,,,,,,,,,,,,,,,,,,,,,,,,,,,,,,,
LPP,,,,,,,,,,,,,,,,,,,,,,,,,,,,,,,,,,,,,,,,,,,,,,,,,,,,,,,,,,,,,,,,,,,,,,,,,,,,,,,,,,,,,,,,,,,,,,,PP,,,,,,,,,
NO,PLU,NAMA BARANG,DIVISI ITEM,SATUAN,MOVING,PKM,KEB PER TOKO,TOTAL TOKO,KRITERIA BUFFER,SALDO AWAL,,JUL '24,,,AUG '24,,,SEP '24,,,OCT '24,,,NOV '24,,,DES '24,,,JAN '25,,,FEB '25,,,MAR '25,,,APR '25,,,MEI '25,,,JUN '25,,,JUL '25,,,AUG '25,,,SEP '25,,,OKT '25,,,NOV '25,,,DES '25,,,JAN '26,,,FEB '26,,,MAR '26,,,APR '26,,,MEI '26,,,JUNI '26,,,JULI '26,,,AGUSTUS '26,,,SEPTEMBER '26,,SALDO AKHIR,AVG L3M OUT,DSI,LEAD TIME (HARI),MINOR,REORDER,QTY PP,BUFFER,KETERANGAN KHUSUS,HARGA SATUAN,TOTAL HARGA,QTY PP BELUM REALISASI,KETERANGAN
,,,,,,,,,,,AWL,IN,OUT,AKH,IN,OUT,AKH,IN,OUT,AKH,IN,OUT,AKH,IN,OUT,AKH,IN,OUT,AKH,IN,OUT,AKH,IN,OUT,AKH,IN,OUT,AKH,IN,OUT,AKH,IN,OUT,AKH,IN,OUT,AKH,IN,OUT,AKH,IN,OUT,AKH,IN,OUT,AKH,IN,OUT,AKH,IN,OUT,AKH,IN,OUT,AKH,IN,OUT,AKH,IN,OUT,AKH,IN,OUT,AKH,IN,OUT,AKH,IN,OUT,AKH,IN,OUT,AKH,IN,OUT,AKH,IN,OUT,AKH,IN,OUT,,,,,,,,,,,,,
,,,,,,,,,,,,,,,,,,,,,,,,,,,,,,,,,,,,,,,,,,,,,,,,,,,,,,,,,,,,,,,,,,,,,,,,,,,,,,,,,,,,,,,,,,,,,,,,,,,,,,,,
1,60387,BATTERY CMOS -,CPU,PCS,SPECIAL,3,1,254,1%,0,3,6,6,3,0,0,3,0,0,3,0,0,3,0,0,3,0,0,3,0,0,3,0,0,3,0,0,3,0,0,3,0,1,2,0,0,2,1,0,3,0,1,2,0,0,2,0,0,2,1,0,3,0,0,3,0,3,0,0,0,0,0,0,0,0,0,0,0,0,0,4,0,4,0,0,4,0,0,4,0,0,4,0,0,45,1,2,0,0,," Rp 10,715 ", Rp -   ,,
2,16326,CONNECTOR RJ 45 PANDUIT (ISI 100),CPU,PCS,SPECIAL,0,0,254,0%,0,0,0,0,0,0,0,0,0,0,0,0,0,0,0,0,0,0,0,0,0,0,0,500,0,500,0,154,346,0,58,288,0,203,85,0,75,10,0,10,0,0,0,0,0,0,0,0,0,0,0,0,0,0,0,0,0,0,0,0,0,0,0,0,0,0,0,0,0,0,0,0,0,0,0,0,0,0,0,0,0,0,0,0,0,45,0,0,0,0,," Rp 6,501 ", Rp -   ,,
3,63741,CONNECTOR PANDUIT -,CPU,PCS,SPECIAL,1143,45,254,10%,0,0,0,0,0,0,0,0,0,0,0,0,0,0,0,0,0,0,0,0,0,0,0,0,0,0,0,0,0,0,0,0,0,0,0,0,0,0,200,0,200,0,162,38,1300,48,1290,0,240,1050,0,66,984,0,88,896,0,207,689,0,37,652,0,381,271,0,172,99,0,99,0,500,185,315,200,170,345,0,110,235,0,29,206,151,151,45,286,100,600,0,," Rp 9,850 "," Rp 5,910,000 ",500,PP Mei 500
4,0,MAINBOARD CPU H510M LGA1200,CPU,PCS,SPECIAL,0,0,254,1%,0,0,0,0,0,0,0,0,0,0,0,0,0,0,0,0,0,0,0,0,2,0,2,0,2,0,0,0,0,0,0,0,0,0,0,0,0,0,0,0,0,0,0,0,0,0,0,0,0,0,0,0,0,0,0,0,0,0,0,0,0,0,0,0,0,0,0,0,0,0,0,0,0,0,0,0,0,0,0,0,0,0,0,0,0,45,0,0,0,0,, Rp -   , Rp -   ,,
5,7045,DONGLE SECURE USB,CPU,PCS,NOT MOVING,0,0,254,0%,45,45,0,0,45,0,0,45,0,0,45,0,0,45,0,0,45,0,0,45,0,0,45,0,0,45,0,0,45,0,0,45,0,0,45,0,0,45,0,0,45,0,0,45,0,0,45,0,0,45,0,0,45,0,0,45,0,0,45,0,0,45,0,0,45,0,0,45,0,0,45,0,0,45,0,0,45,0,0,45,0,0,45,0,0,45,0,0,0,0,," Rp 72,838 ", Rp -   ,,
6,69847,ELCO 680 UF,CPU,PCS,SLOW MOVING,0,0,254,0%,43,57,0,0,57,0,0,57,0,0,57,0,0,57,0,0,57,0,0,57,0,1,56,0,0,56,0,2,54,0,0,54,0,0,54,0,0,54,0,0,54,0,0,54,0,0,54,0,1,53,0,5,48,0,5,43,0,0,43,0,0,43,0,0,43,0,0,43,0,0,43,0,0,43,0,0,43,0,0,43,0,0,43,0,0,45,0,0,0,0,," Rp 3,000 ", Rp -   ,,
7,63711,FAN PROSESOR LGA 1150,CPU,PCS,FAST MOVING,36,2,254,7%,29,8,5,5,8,10,0,18,10,15,13,5,8,10,0,2,8,0,0,8,10,1,17,14,11,20,0,3,17,0,3,14,0,2,12,0,9,3,24,1,26,0,2,24,0,14,10,0,5,5,19,4,20,0,2,18,0,6,12,4,5,11,0,11,0,0,0,0,29,0,29,0,3,26,0,7,19,0,6,13,0,1,12,3,3,45,9,1,17,0,," Rp 40,000 "," Rp 680,000 ",10,PP Mei 10
8,85245,INTEL PROCESSOR CORE I3 4160 CORE I3 4160,CPU,PCS,NOT MOVING,0,0,254,0%,0,1,0,0,1,0,0,1,0,0,1,0,0,1,0,0,1,0,0,1,0,0,1,0,0,1,0,0,1,0,0,1,0,0,1,0,0,1,0,0,1,0,1,0,0,0,0,0,0,0,0,0,0,0,0,0,0,0,0,0,0,0,0,0,0,0,0,0,0,0,0,0,0,0,0,0,0,0,0,0,0,0,0,0,0,45,0,0,0,0,," Rp 189,500 ", Rp -   ,,
9,7043,KABEL DATA USB,CPU,PCS,NOT MOVING,0,0,254,0%,16,16,0,0,16,0,0,16,0,0,16,0,0,16,0,0,16,0,0,16,0,0,16,0,0,16,0,0,16,0,0,16,0,0,16,0,0,16,0,0,16,0,0,16,0,0,16,0,0,16,0,0,16,0,0,16,0,0,16,0,0,16,0,0,16,0,0,16,0,0,16,0,0,16,0,0,16,0,0,16,0,0,16,0,0,45,0,0,0,0,," Rp 16,734 ", Rp -   ,,
10,63943,"KABEL HDMI 1,5 MTR(C) -",CPU,PCS,SLOW MOVING,3,1,254,1%,6,15,1,8,8,15,0,23,0,1,22,0,0,22,0,1,21,0,0,21,0,0,21,0,4,17,0,1,16,0,5,11,0,2,9,0,2,7,9,0,16,0,1,15,0,1,14,0,2,12,0,2,10,0,3,7,0,3,4,0,1,3,0,3,0,0,0,0,6,0,6,0,0,6,0,0,6,0,0,6,0,0,6,0,0,45,1,1,0,0,," Rp 35,000 ", Rp -   ,,
11,63806,KABEL POWER CPU,CPU,PCS,SLOW MOVING,8,1,254,3%,11,1,10,11,0,30,0,30,0,0,30,0,3,27,0,5,22,0,0,22,0,1,21,0,1,20,0,1,19,0,0,19,0,1,18,0,2,16,0,3,13,0,0,13,0,3,10,0,1,9,10,1,18,0,0,18,0,3,15,0,1,14,0,7,7,0,2,5,8,2,11,0,1,10,0,5,5,0,3,2,0,0,2,3,3,45,2,1,4,0,," Rp 35,000 "," Rp 140,000 ",4,PP Juli 4
12,63808,KABEL POWER MONITOR,CPU,PCS,SLOW MOVING,15,2,254,3%,14,7,0,0,7,0,1,6,0,0,6,0,0,6,0,0,6,0,0,6,0,1,5,9,0,14,0,2,12,0,0,12,0,0,12,0,0,12,0,0,12,0,0,12,0,0,12,0,0,12,0,0,12,0,0,12,0,1,11,0,1,10,0,4,6,0,0,6,8,0,14,0,0,14,0,0,14,0,0,14,0,2,12,0,0,45,4,1,0,0,," Rp 19,857 ", Rp -   ,,
13,2977,KABEL SCANNER HONEYWELL (CUSTOM),CPU,PCS,NOT MOVING,0,0,254,0%,71,71,0,0,71,0,0,71,0,0,71,0,0,71,0,0,71,0,0,71,0,0,71,0,0,71,0,0,71,0,0,71,0,0,71,0,0,71,0,0,71,0,0,71,0,0,71,0,0,71,0,0,71,0,0,71,0,0,71,0,0,71,0,0,71,0,0,71,0,0,71,0,0,71,0,0,71,0,0,71,0,0,71,0,0,45,0,0,0,0,," Rp 37,500 ", Rp -   ,,
14,63716,KABEL VGA 1.5MM,CPU,PCS,SLOW MOVING,5,2,254,1%,6,22,1,11,12,0,0,12,0,1,11,0,1,10,0,0,10,0,0,10,0,0,10,5,0,15,0,1,14,0,1,13,0,0,13,0,0,13,0,1,12,0,0,12,0,1,11,0,1,10,0,0,10,0,0,10,0,1,9,0,1,8,0,2,6,0,1,5,3,2,6,0,0,6,0,0,6,0,1,5,0,2,3,1,1,45,1,1,3,0,," Rp 20,056 "," Rp 60,167 ",,
15,16211,KEYBOARD USB,CPU,PCS,SPECIAL,46,3,254,6%,11,14,0,3,11,0,0,11,0,4,7,0,4,3,5,7,1,0,0,1,0,0,1,32,11,22,0,1,21,0,5,16,0,5,11,0,4,7,18,7,18,0,3,15,0,3,12,0,6,6,6,8,4,0,4,0,0,0,0,20,1,19,0,13,6,0,6,0,16,5,11,0,11,0,0,0,0,8,8,0,0,0,0,5,5,45,11,4,12,0,," Rp 170,000 "," Rp 2,040,000 ",39,"PP Mei 16, PP Juni 7, PP Juli 16"
16,63851,LAN CARD 1 GB,CPU,PCS,SLOW MOVING,0,0,254,0%,1,1,0,0,1,0,0,1,0,0,1,0,1,0,0,0,0,0,0,0,1,0,1,0,0,1,0,0,1,0,0,1,0,0,1,0,0,1,0,0,1,0,0,1,0,0,1,0,0,1,0,0,1,0,0,1,0,0,1,0,0,1,0,0,1,0,0,1,0,0,1,0,0,1,0,0,1,0,0,1,0,0,1,0,0,45,0,1,0,0,," Rp 195,000 ", Rp -   ,,
17,69879,MAINBOARD CPU H110 LGA1151 -,CPU,PCS,SLOW MOVING,0,0,254,0%,1,6,1,2,5,0,0,5,0,0,5,0,0,5,0,1,4,0,0,4,0,0,4,0,1,3,0,1,2,0,0,2,0,0,2,0,0,2,0,1,1,0,0,1,0,0,1,0,0,1,0,0,1,0,0,1,0,0,1,0,0,1,0,0,1,0,0,1,0,0,1,0,0,1,0,0,1,0,0,1,0,0,1,0,0,45,0,0,0,0,," Rp 1,680,000 ", Rp -   ,,
18,69880,MAINBOARD CPU H81 LGA1150,CPU,PCS,SLOW MOVING,0,0,254,0%,0,1,2,2,1,10,0,11,0,3,8,0,2,6,0,0,6,0,0,6,0,1,5,0,5,0,0,0,0,0,0,0,0,0,0,0,0,0,0,0,0,0,0,0,0,0,0,0,0,0,0,0,0,0,0,0,0,0,0,0,0,0,0,0,0,0,0,0,0,0,0,0,0,0,0,0,0,0,0,0,0,0,0,0,0,45,0,0,0,0,," Rp 1,268,674 ", Rp -   ,,
19,81801,MAINBOARD H110 LGA1151,CPU,PCS,NOT MOVING,0,0,254,0%,0,0,0,0,0,2,0,2,0,2,0,0,0,0,0,0,0,0,0,0,0,0,0,0,0,0,0,0,0,0,0,0,0,0,0,0,0,0,0,0,0,0,0,0,0,0,0,0,0,0,0,0,0,0,0,0,0,0,0,0,0,0,0,0,0,0,0,0,0,0,0,0,0,0,0,0,0,0,0,0,0,0,0,0,0,45,0,0,0,0,," Rp 1,680,000 ", Rp -   ,,
20,66487,MEMORY DDR3 4GB VGEN LAPTOP -,CPU,PCS,SLOW MOVING,0,0,254,0%,1,4,0,0,4,0,0,4,0,0,4,0,1,3,0,1,2,0,0,2,0,0,2,0,1,1,0,0,1,0,0,1,0,0,1,0,0,1,0,0,1,0,0,1,0,0,1,0,0,1,0,0,1,0,0,1,0,0,1,0,0,1,0,0,1,0,0,1,0,0,1,0,0,1,0,0,1,0,0,1,0,0,1,0,0,45,0,0,0,0,," Rp 361,751 ", Rp -   ,,
21,69890,MEMORY DDR4 2GB(C) -,CPU,PCS,SLOW MOVING,0,0,254,0%,3,4,0,0,4,0,0,4,0,1,3,0,0,3,0,0,3,0,0,3,0,0,3,0,0,3,0,0,3,0,0,3,0,0,3,0,0,3,0,0,3,0,0,3,0,0,3,0,0,3,0,0,3,0,0,3,0,0,3,0,0,3,0,0,3,0,0,3,0,0,3,0,0,3,0,0,3,0,0,3,0,0,3,0,0,45,0,0,0,0,," Rp 230,000 ", Rp -   ,,
22,63955,MEMORY DDR4 8GB -,CPU,PCS,SPECIAL,15,2,254,3%,15,0,0,0,0,0,0,0,0,0,0,0,0,0,0,0,0,0,0,0,0,0,0,0,0,0,0,0,0,0,0,0,0,0,0,0,0,0,0,0,0,0,0,0,0,0,0,0,0,0,0,0,0,0,0,0,0,0,0,9,0,9,0,0,9,0,0,9,6,0,15,0,1,14,0,0,14,0,0,14,0,2,12,0,0,45,4,1,0,0,," Rp 1,117,000 ", Rp -   ,,
23,63713,MOUSE USB,CPU,PCS,SPECIAL,15,3,254,2%,11,23,0,12,11,0,3,8,0,2,6,0,2,4,9,8,5,0,0,5,0,2,3,27,8,22,0,2,20,0,2,18,0,2,16,0,3,13,11,2,22,0,4,18,0,1,17,0,2,15,0,2,13,0,1,12,0,2,10,4,2,12,0,6,6,0,1,5,8,2,11,0,6,5,0,4,1,0,1,0,0,0,0,4,4,45,4,1,0,0,," Rp 94,000 ", Rp -   ,17,"PP Mei 9, PP Juli 8"
24,61119,PASTA PROCESOR -,CPU,PCS,NOT MOVING,0,0,254,0%,0,0,5,5,0,0,0,0,0,0,0,0,0,0,0,0,0,0,0,0,0,0,0,0,0,0,0,0,0,0,0,0,0,0,0,0,0,0,0,0,0,0,0,0,0,0,0,0,0,0,0,0,0,0,0,0,0,0,0,0,0,0,0,0,0,0,0,0,0,0,0,0,0,0,0,0,0,0,0,0,0,0,0,0,0,45,0,0,0,0,," Rp 40,000 ", Rp -   ,,
25,63833,POWER SUPPLY SIMBADA,CPU,PCS,FAST MOVING,36,2,254,7%,0,8,0,0,8,10,0,18,0,11,7,10,6,11,0,5,6,0,0,6,10,1,15,14,14,15,0,3,12,0,3,9,0,2,7,0,1,6,14,2,18,0,5,13,0,5,8,0,2,6,11,3,14,0,0,14,0,8,6,0,1,5,0,5,0,0,0,0,0,0,0,27,3,24,0,10,14,13,8,19,0,6,13,4,4,45,9,1,17,0,," Rp 550,000 "," Rp 9,350,000 ",10,PP Juli 10
26,22062,SPAREPART KOMPUTER MEMORY DDR3 4GB,CPU,PCS,SLOW MOVING,0,0,254,0%,1,21,0,1,20,0,0,20,0,1,19,0,2,17,0,2,15,0,0,15,0,1,14,0,5,9,0,0,9,0,0,9,0,1,8,0,1,7,0,4,3,0,0,3,0,0,3,0,1,2,0,0,2,0,1,1,0,0,1,0,0,1,0,0,1,0,0,1,0,0,1,0,0,1,0,0,1,0,0,1,0,0,1,0,0,45,0,0,0,0,," Rp 425,000 ", Rp -   ,,
27,32411,SPAREPARTS KOMPUTER KABEL USB PRINTER 1.5 M,CPU,PCS,FAST MOVING,5,1,254,2%,4,27,2,18,11,0,2,9,0,6,3,12,1,14,0,1,13,0,0,13,0,0,13,20,9,24,0,0,24,0,7,17,0,4,13,0,2,11,25,3,33,0,1,32,0,5,27,0,4,23,0,3,20,0,1,19,0,2,17,0,2,15,0,10,5,0,1,4,4,4,4,0,0,4,0,0,4,5,0,9,0,0,9,1,1,45,1,1,0,0,," Rp 20,215 ", Rp -   ,,
28,74922,SPAREPARTS KOMPUTER MEMORY DDR4 16 GB,CPU,PCS,SLOW MOVING,0,0,254,0%,0,10,0,0,10,0,2,8,0,0,8,0,3,5,0,1,4,0,0,4,0,1,3,23,6,20,0,1,19,0,6,13,0,0,13,0,4,9,0,2,7,0,1,6,0,1,5,0,2,3,0,0,3,0,0,3,0,0,3,0,0,3,0,2,1,0,0,1,0,1,0,0,0,0,0,0,0,0,0,0,0,0,0,0,0,45,0,0,0,0,," Rp 570,000 ", Rp -   ,,
29,63839,SPIRAL KABEL -,CPU,METER,NOT MOVING,0,0,254,0%,0,380,0,0,380,0,0,380,0,380,0,0,0,0,0,0,0,0,0,0,0,0,0,0,0,0,0,0,0,0,0,0,0,0,0,0,0,0,0,0,0,0,0,0,0,0,0,0,0,0,0,0,0,0,0,0,0,0,0,0,0,0,0,0,0,0,0,0,0,0,0,0,0,0,0,0,0,0,0,0,0,0,0,0,0,45,0,0,0,0,," Rp 5,040 ", Rp -   ,,
30,69889,SSD 512GB -,CPU,PCS,SPECIAL,10,2,254,2%,15,16,12,7,21,0,2,19,0,11,8,7,3,12,0,9,3,0,0,3,3,0,6,33,21,18,0,4,14,0,1,13,0,2,11,0,1,10,9,4,15,0,2,13,0,2,11,0,0,11,14,2,23,0,2,21,0,2,19,0,1,18,0,13,5,0,1,4,11,0,15,0,10,5,0,0,5,0,0,5,0,0,5,3,3,45,3,1,8,0,," Rp 1,350,000 "," Rp 10,800,000 ",,
31,63714,TOMBOL POWER CPU,CPU,PCS,SLOW MOVING,0,0,254,0%,0,8,3,3,8,0,0,8,0,0,8,0,0,8,0,0,8,0,0,8,0,0,8,0,0,8,0,8,0,0,0,0,0,0,0,0,0,0,0,0,0,0,0,0,0,0,0,0,0,0,0,0,0,0,0,0,0,0,0,0,0,0,0,0,0,0,0,0,0,0,0,0,0,0,0,0,0,0,0,0,0,0,0,0,0,45,0,0,0,0,," Rp 12,820 ", Rp -   ,,
32,63848,USB HUB 4 PORT,CPU,PCS,SLOW MOVING,13,1,254,5%,0,22,3,6,19,0,0,19,0,3,16,0,0,16,0,0,16,0,0,16,0,0,16,0,7,9,0,1,8,0,2,6,0,0,6,0,1,5,0,0,5,0,1,4,0,0,4,0,0,4,0,1,3,0,0,3,0,2,1,0,1,0,0,0,0,0,0,0,0,0,0,13,0,13,0,3,10,0,0,10,0,0,10,1,1,45,3,1,4,0,," Rp 70,000 "," Rp 280,000 ",,
33,66620,VGA CARD,CPU,PCS,NOT MOVING,0,0,254,0%,0,1,0,0,1,0,0,1,0,0,1,0,0,1,0,0,1,0,0,1,0,0,1,0,0,1,0,0,1,0,0,1,0,0,1,0,0,1,0,0,1,0,0,1,0,0,1,0,0,1,0,0,1,0,0,1,0,0,1,0,0,1,0,0,1,0,1,0,0,0,0,0,0,0,0,0,0,0,0,0,0,0,0,0,0,45,0,0,0,0,," Rp 447,000 ", Rp -   ,,
34,69840,ADAPTOR 24 V 0.8 A UNTUK RB951 -,KONEKSI,PCS,SLOW MOVING,10,1,254,4%,0,0,0,0,0,10,0,10,0,0,10,0,1,9,0,0,9,0,0,9,0,0,9,0,2,7,0,1,6,0,1,5,0,1,4,0,1,3,0,1,2,0,1,1,0,0,1,0,0,1,0,0,1,0,0,1,0,0,1,0,0,1,0,1,0,0,0,0,0,0,0,11,0,11,0,0,11,0,0,11,0,0,11,0,0,45,0,1,0,0,," Rp 129,000 ", Rp -   ,,
35,63742,CONNECTOR RJ45 COMMSCOPE -,KONEKSI,PCS,FAST MOVING,0,0,254,0%,0,263,1,53,211,0,100,111,0,39,72,350,228,194,0,194,0,0,0,0,350,0,350,0,300,50,0,50,0,0,0,0,0,0,0,0,0,0,0,0,0,0,0,0,0,0,0,0,0,0,0,0,0,0,0,0,0,0,0,0,0,0,0,0,0,0,0,0,0,0,0,0,0,0,0,0,0,0,0,0,0,0,0,0,0,45,0,0,0,0,," Rp 7,500 ", Rp -   ,,
36,16914,KABEL BELDEN CAT 5E,KONEKSI,METER,SLOW MOVING,762,30,254,10%,0,370,1500,0,"1,870",0,0,"1,870",0,30,"1,840",0,153,"1,687",0,60,"1,627",0,0,"1,627",0,0,"1,627",0,1227,400,0,400,0,0,0,0,900,0,900,0,520,380,900,177,"1,103",0,203,900,0,39,861,0,460,401,300,158,543,0,35,508,0,58,450,0,0,450,0,450,0,0,0,0,0,0,0,0,0,0,0,0,0,0,0,0,0,0,0,0,0,45,191,0,0,0,," Rp 7,245 ", Rp -   ,,
37,59695,KABEL BELDEN CAT 6 -,KONEKSI,METER,FAST MOVING,1270,50,254,10%,0,0,0,0,0,0,0,0,0,0,0,0,0,0,0,0,0,0,0,0,0,0,0,0,0,0,0,0,0,0,0,0,0,0,0,0,0,0,0,0,0,0,0,0,0,0,0,0,0,0,0,0,0,0,0,0,0,0,0,600,0,600,0,545,55,0,55,0,0,0,0,0,0,0,300,300,0,900,75,825,0,395,430,100,133,60,318,300,900,0,," Rp 11,334 "," Rp 10,200,600 ",,
38,63819,MODEM 4G LTE TEKOMSEL,KONEKSI,PCS,NOT MOVING,0,0,254,0%,0,1,7,8,0,0,0,0,0,0,0,1,1,0,0,0,0,0,0,0,0,0,0,0,0,0,0,0,0,0,0,0,0,0,0,0,0,0,0,0,0,0,0,0,0,0,0,0,0,0,0,0,0,0,0,0,0,0,0,0,0,0,0,0,0,0,0,0,0,0,0,0,0,0,0,0,0,0,0,0,0,0,0,0,0,45,0,0,0,0,," Rp 630,000 ", Rp -   ,,
39,6922,POE ADAPTOR,KONEKSI,PCS,SLOW MOVING,0,0,254,0%,57,59,0,1,58,0,1,57,0,0,57,0,0,57,0,0,57,0,0,57,0,0,57,0,0,57,0,0,57,0,0,57,0,0,57,0,0,57,0,0,57,0,0,57,0,0,57,0,0,57,0,0,57,0,0,57,0,0,57,0,0,57,0,0,57,0,0,57,0,0,57,0,0,57,0,0,57,0,0,57,0,0,57,0,0,45,0,0,0,0,," Rp 34,337 ", Rp -   ,,
40,7632,ROUTER RB 750 R2,KONEKSI,PCS,SLOW MOVING,0,0,254,0%,1,42,0,0,42,0,5,37,0,2,35,0,7,28,0,1,27,0,0,27,0,0,27,0,7,20,0,1,19,0,0,19,0,0,19,0,1,18,0,0,18,0,2,16,0,1,15,0,0,15,0,0,15,0,0,15,0,2,13,0,0,13,0,7,6,0,4,2,0,1,1,0,1,0,0,0,0,0,0,0,0,0,0,1,1,45,0,0,0,0,," Rp 578,783 ", Rp -   ,,DISCONTINUE
41,4375,SWITCH 8 PORT,KONEKSI,PCS,FAST MOVING,0,0,254,0%,0,17,0,0,17,0,2,15,0,4,11,0,7,4,0,0,4,0,0,4,0,0,4,0,4,0,0,0,0,0,0,0,0,0,0,0,0,0,0,0,0,0,0,0,0,0,0,0,0,0,0,0,0,0,0,0,0,0,0,0,0,0,0,0,0,0,0,0,0,0,0,0,0,0,0,0,0,0,0,0,0,0,0,0,0,45,0,1,0,0,," Rp 253,596 ", Rp -   ,,
42,66442,SWITCH D LINK 8 PORT 10/100,KONEKSI,PCS,NOT MOVING,0,0,254,0%,109,109,0,0,109,0,0,109,0,0,109,0,0,109,0,0,109,0,0,109,0,0,109,0,0,109,0,0,109,0,0,109,0,0,109,0,0,109,0,0,109,0,0,109,0,0,109,0,0,109,0,0,109,0,0,109,0,0,109,0,0,109,0,0,109,0,0,109,0,0,109,0,0,109,0,0,109,0,0,109,0,0,109,0,0,45,0,0,0,0,," Rp 204,498 ", Rp -   ,,
43,66441,SWITCH HUB 16 PORT,KONEKSI,PCS,SPECIAL,15,1,254,6%,0,3,0,2,1,4,0,5,0,0,5,0,0,5,0,0,5,0,0,5,0,3,2,0,2,0,0,0,0,0,0,0,0,0,0,0,0,0,5,0,5,0,4,1,0,0,1,0,1,0,4,2,2,0,1,1,0,0,1,5,0,6,0,4,2,0,2,0,0,0,0,0,0,0,0,0,0,10,1,9,0,0,9,0,0,45,4,1,0,0,," Rp 750,000 ", Rp -   ,5,PP Mei 5
44,7398,WIRELESS ROUTER RB951UI - 2HND,KONEKSI,PCS,SLOW MOVING,25,1,254,10%,49,44,0,2,42,0,6,36,0,2,34,0,7,27,0,1,26,0,0,26,0,0,26,0,17,9,0,1,8,0,1,7,0,0,7,0,1,6,0,1,5,0,3,2,0,2,0,0,0,0,63,0,63,0,0,63,0,1,62,0,0,62,0,8,54,0,4,50,0,1,49,0,3,46,0,12,34,0,3,31,0,3,28,5,5,45,6,1,0,0,," Rp 819,992 ", Rp -   ,,
45,63841,SWITCH 8 PORT 1 GB,KONEKSI,PCS,NOT MOVING,0,0,254,0%,0,0,0,0,0,0,0,0,0,0,0,0,0,0,0,0,0,21,0,21,0,0,21,3,4,20,0,1,19,0,2,17,0,1,16,0,2,14,0,2,12,0,3,9,0,4,5,0,2,3,0,0,3,0,0,3,0,2,1,0,0,1,0,1,0,0,0,0,0,0,0,0,0,0,0,0,0,0,0,0,0,0,0,0,0,45,0,0,0,0,," Rp 471,000 ", Rp -   ,,
46,1,MAINBOARD CANON G3010,PRINTER INKJET,PCS,SPECIAL,6,1,112,5%,6,0,0,0,0,0,0,0,0,0,0,0,0,0,0,0,0,0,0,0,0,0,0,0,0,0,0,0,0,0,0,0,0,0,0,0,0,0,0,0,0,0,0,0,0,0,0,6,0,6,0,1,5,0,0,5,0,0,5,2,0,7,0,1,6,0,0,6,0,0,6,0,0,6,0,2,4,0,0,4,0,0,4,1,1,45,1,1,0,0,," Rp 637,800 ", Rp -   ,2,PLU Belum terdaftar di procurement GA & Assembly EDP (UMD) - PP Jul 2
47,2,PRINT HEAD CARTRIDGE CANON G3010 HITAM,PRINTER INKJET,PCS,SPECIAL,6,1,112,5%,5,0,0,0,0,0,0,0,0,0,0,0,0,0,0,0,0,0,0,0,0,0,0,0,0,0,0,0,0,0,0,0,0,0,0,0,0,0,0,0,0,0,0,0,0,0,0,6,0,6,0,1,5,0,0,5,2,0,7,0,0,7,0,2,5,0,0,5,0,0,5,0,2,3,0,0,3,0,1,2,0,0,2,1,1,45,1,1,0,0,," Rp 388,600 ", Rp -   ,3,PLU Belum terdaftar di procurement GA & Assembly EDP (UMD) - PP Jul 3
48,3,PRINT HEAD CARTRIDGE CANON G3010 WARNA,PRINTER INKJET,PCS,SPECIAL,6,1,112,5%,5,0,0,0,0,0,0,0,0,0,0,0,0,0,0,0,0,0,0,0,0,0,0,0,0,0,0,0,0,0,0,0,0,0,0,0,0,0,0,0,0,0,0,0,0,0,0,6,0,6,0,0,6,0,0,6,0,0,6,0,0,6,0,1,5,0,0,5,0,0,5,0,3,2,0,2,0,0,0,0,0,0,0,2,2,45,1,1,0,0,," Rp 443,600 ", Rp -   ,7,PLU Belum terdaftar di procurement GA & Assembly EDP (UMD) - PP Jul 7
49,4,ASF PICKUP ROLLER CANON G3010,PRINTER INKJET,PCS,SPECIAL,6,1,112,5%,6,0,0,0,0,0,0,0,0,0,0,0,0,0,0,0,0,0,0,0,0,0,0,0,0,0,0,0,0,0,0,0,0,0,0,0,0,0,0,0,0,0,0,0,0,0,0,6,0,6,0,0,6,0,0,6,0,0,6,0,0,6,0,0,6,0,0,6,0,0,6,0,0,6,0,0,6,0,0,6,0,0,6,0,0,45,1,1,0,0,," Rp 54,300 ", Rp -   ,,PLU Belum terdaftar di procurement GA & Assembly EDP (UMD)
50,5,ASF ROLLER CANON G3010,PRINTER INKJET,PCS,SPECIAL,6,1,112,5%,5,0,0,0,0,0,0,0,0,0,0,0,0,0,0,0,0,0,0,0,0,0,0,0,0,0,0,0,0,0,0,0,0,0,0,0,0,0,0,0,0,0,0,0,0,0,0,6,0,6,0,0,6,0,0,6,0,0,6,0,0,6,0,1,5,0,0,5,0,0,5,0,1,4,0,0,4,0,0,4,0,0,4,0,0,45,1,1,0,0,," Rp 83,000 ", Rp -   ,2,PLU Belum terdaftar di procurement GA & Assembly EDP (UMD) - PP Jul 2
51,6,KABEL PANEL FLEKSIBEL CANON G3010,PRINTER INKJET,PCS,SPECIAL,6,1,112,5%,6,0,0,0,0,0,0,0,0,0,0,0,0,0,0,0,0,0,0,0,0,0,0,0,0,0,0,0,0,0,0,0,0,0,0,0,0,0,0,0,0,0,0,0,0,0,0,6,0,6,0,0,6,0,0,6,0,0,6,0,0,6,0,0,6,0,0,6,0,0,6,0,0,6,0,0,6,0,0,6,0,0,6,0,0,45,1,1,0,0,," Rp 461,500 ", Rp -   ,,PLU Belum terdaftar di procurement GA & Assembly EDP (UMD)
52,7,ADAPTOR POWER SUPPLY CANON G3010,PRINTER INKJET,PCS,SPECIAL,6,1,112,5%,6,0,0,0,0,0,0,0,0,0,0,0,0,0,0,0,0,0,0,0,0,0,0,0,0,0,0,0,0,0,0,0,0,0,0,0,0,0,0,0,0,0,0,0,0,0,0,6,0,6,0,0,6,0,0,6,0,0,6,0,0,6,0,0,6,0,0,6,0,0,6,0,0,6,0,0,6,0,0,6,0,0,6,0,0,45,1,1,0,0,," Rp 63,400 ", Rp -   ,,PLU Belum terdaftar di procurement GA & Assembly EDP (UMD)
53,8,CARRIAGE UNIT CANON G3010,PRINTER INKJET,PCS,SPECIAL,6,1,112,5%,6,0,0,0,0,0,0,0,0,0,0,0,0,0,0,0,0,0,0,0,0,0,0,0,0,0,0,0,0,0,0,0,0,0,0,0,0,0,0,0,0,0,0,0,0,0,0,6,0,6,0,1,5,0,0,5,0,0,5,2,0,7,0,1,6,0,0,6,0,0,6,0,0,6,0,2,4,0,1,3,0,0,3,1,1,45,1,1,0,0,," Rp 385,000 ", Rp -   ,2,PLU Belum terdaftar di procurement GA & Assembly EDP (UMD) - PP Jul 2
54,9,ENCODER / SENSOR BULAT CANON G3010,PRINTER INKJET,PCS,SPECIAL,9,1,112,8%,6,0,0,0,0,0,0,0,0,0,0,0,0,0,0,0,0,0,0,0,0,0,0,0,0,0,0,0,0,0,0,0,0,0,0,0,0,0,0,0,0,0,0,0,0,0,0,0,0,0,0,0,0,0,0,0,0,0,0,0,0,0,0,0,0,0,0,0,6,0,6,0,1,5,0,2,3,0,1,2,0,0,2,1,1,45,2,1,0,0,," Rp 35,000 ", Rp -   ,6,PLU Belum terdaftar di procurement GA & Assembly EDP (UMD) - PP Jul 6
55,10,ENCODER STRIP PANJANG CANON G3010,PRINTER INKJET,PCS,SPECIAL,6,1,112,5%,5,0,0,0,0,0,0,0,0,0,0,0,0,0,0,0,0,0,0,0,0,0,0,0,0,0,0,0,0,0,0,0,0,0,0,0,0,0,0,0,0,0,0,0,0,0,0,0,0,0,0,0,0,0,0,0,0,0,0,0,0,0,0,0,0,0,0,0,6,1,5,0,2,3,0,2,1,0,0,1,0,0,1,2,2,45,1,1,0,0,," Rp 35,000 ", Rp -   ,6,PLU Belum terdaftar di procurement GA & Assembly EDP (UMD) - PP Jul 6
56,11,SENSOR ENCODER CANON G3010,PRINTER INKJET,PCS,SPECIAL,6,1,112,5%,0,,,,,,,,,,,,,,,,,,,,,,,,,,,,,,,,,,,,,,,,,,,,,,,,,,,,,,,,,,,,,,,,,0,0,0,0,0,0,0,0,0,0,0,0,0,0,0,0,0,0,0,0,45,1,1,0,0,," Rp 110,000 ", Rp -   ,6,PLU Belum terdaftar di procurement GA & Assembly EDP (UMD) - PP Jul 6
57,12,SENSOR KERTAS PAPAER END PE CANON G3010,PRINTER INKJET,PCS,SPECIAL,6,1,112,5%,0,,,,,,,,,,,,,,,,,,,,,,,,,,,,,,,,,,,,,,,,,,,,,,,,,,,,,,,,,,,,,,,,,0,0,0,0,0,0,0,0,0,0,0,0,0,0,0,0,0,0,0,0,45,1,1,0,0,," Rp 75,000 ", Rp -   ,6,PLU Belum terdaftar di procurement GA & Assembly EDP (UMD) - PP Jul 6
58,13,SHEET FEEDER SENSOR PCB ASSY CANON G3010,PRINTER INKJET,PCS,SPECIAL,6,1,112,5%,0,,,,,,,,,,,,,,,,,,,,,,,,,,,,,,,,,,,,,,,,,,,,,,,,,,,,,,,,,,,,,,,,,0,0,0,0,0,0,0,0,0,0,0,0,0,0,0,0,0,0,0,0,45,1,1,0,0,," Rp 42,000 ", Rp -   ,6,PLU Belum terdaftar di procurement GA & Assembly EDP (UMD) - PP Jul 6
59,14,MAINTENANCE BOX CATRIDGE CANON G3770,PRINTER INKJET,PCS,SPECIAL,6,1,112,5%,0,,,,,,,,,,,,,,,,,,,,,,,,,,,,,,,,,,,,,,,,,,,,,,,,,,,,,,,,,,,,,,,,,0,0,0,0,0,0,0,0,0,0,0,0,0,0,0,0,0,0,0,0,45,1,1,0,0,," Rp 300,000 ", Rp -   ,6,PLU Belum terdaftar di procurement GA & Assembly EDP (UMD) - PP Jul 6
60,85244,EPSON ASF ROLLER L110 -,PRINTER LX,PCS,NOT MOVING,0,0,254,0%,1,1,0,0,1,0,0,1,0,0,1,0,0,1,0,0,1,0,0,1,0,0,1,0,0,1,0,0,1,0,0,1,0,0,1,0,0,1,0,0,1,0,0,1,0,0,1,0,0,1,0,0,1,0,0,1,0,0,1,0,0,1,0,0,1,0,0,1,0,0,1,0,0,1,0,0,1,0,0,1,0,0,1,0,0,45,0,0,0,0,," Rp 59,000 ", Rp -   ,,
61,66418,EPSON BELTING LX310 -,PRINTER LX,PCS,NOT MOVING,3,1,254,1%,2,2,0,0,2,0,0,2,0,0,2,0,0,2,0,0,2,0,0,2,0,0,2,0,0,2,0,0,2,0,0,2,0,0,2,0,0,2,0,0,2,0,0,2,0,0,2,0,0,2,0,0,2,0,0,2,0,0,2,0,0,2,0,0,2,0,0,2,0,0,2,0,0,2,0,0,2,0,0,2,0,0,2,0,0,45,1,1,0,0,," Rp 12,590 ", Rp -   ,,
62,63756,EPSON CARRIAGE PRINTER LX-310 -,PRINTER LX,PCS,FAST MOVING,13,1,254,5%,22,8,20,20,8,13,0,21,0,6,15,0,0,15,0,0,15,0,0,15,0,0,15,0,8,7,0,1,6,0,1,5,0,0,5,0,3,2,0,1,1,0,0,1,0,0,1,0,1,0,22,0,22,0,0,22,0,0,22,0,0,22,0,0,22,0,0,22,0,0,22,0,1,21,0,2,19,0,1,18,0,0,18,1,1,45,3,1,0,0,," Rp 60,000 ", Rp -   ,,
63,66616,EPSON HEAD PRINT LX-310,PRINTER LX,PCS,SPECIAL,13,1,254,5%,25,0,1,1,0,13,0,13,0,7,6,0,6,0,0,0,0,0,0,0,12,0,12,32,0,44,0,12,32,0,3,29,0,0,29,0,3,26,8,1,33,0,6,27,0,0,27,0,0,27,0,0,27,0,0,27,0,0,27,0,0,27,0,1,26,0,1,25,0,0,25,0,1,24,0,4,20,0,2,18,0,0,18,2,2,45,3,1,0,0,," Rp 818,485 ", Rp -   ,,
64,69853,EPSON HEAD PRINTER LQ 2190 -,PRINTER LX,PCS,SPECIAL,0,0,254,0%,5,1,0,0,1,0,0,1,0,1,0,0,0,0,0,0,0,0,0,0,0,0,0,9,4,5,0,0,5,0,0,5,0,0,5,0,0,5,0,0,5,0,0,5,0,0,5,0,0,5,0,0,5,0,0,5,0,0,5,0,0,5,0,0,5,0,0,5,0,0,5,0,3,2,0,0,2,0,0,2,0,0,2,1,1,45,0,1,0,0,," Rp 1,500,000 ", Rp -   ,,
65,66842,EPSON KABEL HEAD PRINTER LX-310 -,PRINTER LX,PCS,FAST MOVING,3,1,254,1%,10,47,7,26,28,0,0,28,0,7,21,0,0,21,0,0,21,0,0,21,0,0,21,0,6,15,0,1,14,0,1,13,0,0,13,0,1,12,0,0,12,0,2,10,0,0,10,0,0,10,0,0,10,0,0,10,0,0,10,0,0,10,0,0,10,0,0,10,0,0,10,0,0,10,0,0,10,0,0,10,0,0,10,0,0,45,1,1,0,0,," Rp 40,577 ", Rp -   ,,
66,63765,EPSON MAINBOARD LX310 -,PRINTER LX,PCS,SPECIAL,13,1,254,5%,13,1,1,2,0,9,0,9,6,9,6,0,6,0,7,0,7,0,0,7,8,0,15,18,17,16,0,6,10,0,5,5,0,3,2,0,2,0,18,0,18,0,5,13,0,3,10,0,2,8,7,0,15,0,1,14,0,0,14,0,0,14,0,1,13,0,0,13,0,0,13,0,2,11,0,2,9,0,1,8,0,1,7,1,1,45,3,0,0,0,," Rp 1,300,000 ", Rp -   ,,
67,66426,EPSON PLAT PGS LX310 -,PRINTER LX,PCS,NOT MOVING,3,1,254,1%,0,0,0,0,0,0,0,0,0,0,0,0,0,0,0,0,0,0,0,0,0,0,0,0,0,0,0,0,0,0,0,0,0,0,0,0,0,0,0,0,0,0,0,0,0,0,0,0,0,0,0,0,0,0,0,0,0,0,0,0,0,0,0,0,0,0,0,0,0,0,0,0,0,0,0,0,0,0,0,0,0,0,0,0,0,45,1,0,0,0,," Rp 9,421 ", Rp -   ,,
68,66427,EPSON RIBBON DRIVE ASSY/RDA LX-310,PRINTER LX,PCS,SLOW MOVING,3,1,254,1%,3,13,2,4,11,10,0,21,0,0,21,0,0,21,0,0,21,0,0,21,0,0,21,0,7,14,0,1,13,0,1,12,0,1,11,0,3,8,0,1,7,0,1,6,0,2,4,0,0,4,0,0,4,0,0,4,0,0,4,0,0,4,0,1,3,0,0,3,0,0,3,6,0,9,0,1,8,0,2,6,0,0,6,0,0,45,1,1,0,0,," Rp 65,330 ", Rp -   ,,
69,85243,EPSON SENSOR KERTAS LX-310 -,PRINTER LX,PCS,SLOW MOVING,0,1,254,0%,1,23,0,19,4,0,0,4,0,0,4,0,0,4,0,0,4,0,0,4,0,0,4,0,2,2,0,0,2,0,0,2,0,0,2,0,1,1,0,0,1,0,0,1,0,0,1,0,0,1,0,0,1,0,0,1,0,0,1,0,0,1,0,0,1,0,0,1,0,0,1,0,0,1,0,0,1,0,0,1,0,0,1,0,0,45,0,1,0,0,," Rp 35,000 ", Rp -   ,,
70,85241,EPSON SWITCH ON/OFF LX-310 -,PRINTER LX,PCS,SLOW MOVING,3,1,254,1%,3,4,0,0,4,0,0,4,0,0,4,0,0,4,0,1,3,0,0,3,0,0,3,0,0,3,0,0,3,0,0,3,0,0,3,0,0,3,0,0,3,0,0,3,0,0,3,0,0,3,0,0,3,0,0,3,0,0,3,0,0,3,0,0,3,0,0,3,0,0,3,0,0,3,0,0,3,0,0,3,0,0,3,0,0,45,1,1,0,0,," Rp 19,077 ", Rp -   ,,
71,85242,EPSON TRACTOR ASSY LX-310 -,PRINTER LX,PCS,NOT MOVING,3,1,254,1%,1,1,0,0,1,0,0,1,0,0,1,0,0,1,0,0,1,0,0,1,0,0,1,0,0,1,0,0,1,0,0,1,0,0,1,0,0,1,0,0,1,0,0,1,0,0,1,0,0,1,0,0,1,0,0,1,0,0,1,0,0,1,0,0,1,0,0,1,0,0,1,0,0,1,0,0,1,0,0,1,0,0,1,0,0,45,1,0,0,0,," Rp 35,000 ", Rp -   ,,
72,66421,GEAR SET LX310,PRINTER LX,PCS,NOT MOVING,3,1,254,1%,2,2,0,0,2,0,0,2,0,0,2,0,0,2,0,0,2,0,0,2,0,0,2,0,0,2,0,0,2,0,0,2,0,0,2,0,0,2,0,0,2,0,0,2,0,0,2,0,0,2,0,0,2,0,0,2,0,0,2,0,0,2,0,0,2,0,0,2,0,0,2,0,0,2,0,0,2,0,0,2,0,0,2,0,0,45,1,1,0,0,," Rp 68,675 ", Rp -   ,,
73,66619,KABEL LPT TO USB -,PRINTER LX,PCS,SPECIAL,10,2,254,2%,5,11,1,8,4,0,0,4,0,3,1,8,2,7,0,1,6,0,0,6,5,1,10,0,10,0,0,0,0,0,0,0,0,0,0,0,0,0,15,0,15,0,3,12,0,1,11,0,2,9,0,0,9,0,1,8,0,0,8,0,1,7,0,1,6,0,1,5,0,0,5,6,0,11,0,0,11,0,0,11,0,4,7,0,0,45,3,1,3,0,," Rp 75,000 "," Rp 225,000 ",,
74,63844,PER PENGAIT KERTAS EPSON,PRINTER LX,PCS,NOT MOVING,3,1,254,1%,3,3,0,0,3,0,0,3,0,0,3,0,0,3,0,0,3,0,0,3,0,0,3,0,0,3,0,0,3,0,0,3,0,0,3,0,0,3,0,0,3,0,0,3,0,0,3,0,0,3,0,0,3,0,0,3,0,0,3,0,0,3,0,0,3,0,0,3,0,0,3,0,0,3,0,0,3,0,0,3,0,0,3,0,0,45,1,0,0,0,," Rp 18,590 ", Rp -   ,,
75,33676,PERALATAN EDP EPSON PANEL LX-310,PRINTER LX,PCS,NOT MOVING,0,1,254,0%,1,1,0,0,1,0,0,1,0,0,1,0,0,1,0,0,1,0,0,1,0,0,1,0,0,1,0,0,1,0,0,1,0,0,1,0,0,1,0,0,1,0,0,1,0,0,1,0,0,1,0,0,1,0,0,1,0,0,1,0,0,1,0,0,1,0,0,1,0,0,1,0,0,1,0,0,1,0,0,1,0,0,1,0,0,45,0,1,0,0,," Rp 95,136 ", Rp -   ,,
76,63831,POWER SUPPLY LX-310(C),PRINTER LX,PCS,NOT MOVING,0,1,254,0%,1,1,0,0,1,0,0,1,0,0,1,0,0,1,0,0,1,0,0,1,0,0,1,0,0,1,0,0,1,0,0,1,0,0,1,0,0,1,0,0,1,0,0,1,0,0,1,0,0,1,0,0,1,0,0,1,0,0,1,0,0,1,0,0,1,0,0,1,0,0,1,0,0,1,0,0,1,0,0,1,0,0,1,0,0,45,0,1,0,0,," Rp 350,000 ", Rp -   ,,
77,25084,SAKLAR ON/OFF EPSON LX-300,PRINTER LX,PCS,NOT MOVING,3,1,254,1%,3,3,0,0,3,0,0,3,0,0,3,0,0,3,0,0,3,0,0,3,0,0,3,0,0,3,0,0,3,0,0,3,0,0,3,0,0,3,0,0,3,0,0,3,0,0,3,0,0,3,0,0,3,0,0,3,0,0,3,0,0,3,0,0,3,0,0,3,0,0,3,0,0,3,0,0,3,0,0,3,0,0,3,0,0,45,1,1,0,0,," Rp 5,017 ", Rp -   ,,
78,66491,SENSOR DETECTOR HEAD LX-310 -,PRINTER LX,PCS,NOT MOVING,3,1,254,1%,3,9,0,0,9,0,0,9,0,0,9,0,0,9,0,0,9,0,0,9,0,0,9,0,2,7,0,1,6,0,0,6,0,0,6,0,0,6,0,1,5,0,1,4,0,0,4,0,1,3,0,0,3,0,0,3,0,0,3,0,0,3,0,0,3,0,0,3,0,0,3,0,0,3,0,0,3,0,0,3,0,0,3,0,0,45,1,1,0,0,," Rp 80,556 ", Rp -   ,,
79,66615,EPSON AUTO CUTTER TM-T82,PRINTER THERMAL,PCS,SPECIAL,10,2,254,2%,1,2,1,2,1,18,0,19,0,10,9,0,4,5,0,5,0,0,0,0,5,0,5,23,11,17,0,5,12,0,0,12,0,2,10,0,2,8,16,0,24,0,3,21,0,5,16,0,6,10,0,2,8,0,1,7,0,0,7,0,0,7,0,5,2,0,0,2,0,1,1,16,0,17,0,6,11,0,3,8,0,4,4,2,2,45,3,1,8,0,," Rp 760,000 "," Rp 6,080,000 ",,
80,66423,EPSON HEAD PRINT TM82,PRINTER THERMAL,PCS,SPECIAL,5,2,254,1%,5,4,5,6,3,0,0,3,0,0,3,0,0,3,0,1,2,0,0,2,7,0,9,0,1,8,0,0,8,0,1,7,0,1,6,0,1,5,0,0,5,0,3,2,0,0,2,0,0,2,5,0,7,0,2,5,0,0,5,0,0,5,0,0,5,0,0,5,0,0,5,4,0,9,0,0,9,0,0,9,0,0,9,0,0,45,1,1,0,0,," Rp 886,976 ", Rp -   ,,
81,63766,EPSON MAINBOARD THERMAL TM-T82 -,PRINTER THERMAL,PCS,SPECIAL,15,2,254,3%,19,2,1,1,2,0,0,2,9,0,11,0,2,9,0,0,9,0,0,9,0,0,9,0,0,9,0,2,7,0,0,7,0,0,7,0,0,7,4,1,10,0,0,10,0,0,10,0,0,10,10,1,19,0,0,19,0,0,19,0,0,19,0,0,19,0,0,19,0,0,19,0,0,19,0,1,18,0,0,18,0,0,18,0,0,45,4,1,0,0,," Rp 970,109 ", Rp -   ,,
82,69848,EPSON SENSOR KERTAS PRINTER THERMAL TM-T82 -,PRINTER THERMAL,PCS,NOT MOVING,0,0,254,0%,0,0,12,12,0,0,0,0,0,0,0,0,0,0,0,0,0,0,0,0,0,0,0,0,0,0,0,0,0,0,0,0,0,0,0,0,0,0,0,0,0,0,0,0,0,0,0,0,0,0,0,0,0,0,0,0,0,0,0,0,0,0,0,0,0,0,0,0,0,0,0,0,0,0,0,0,0,0,0,0,0,0,0,0,0,45,0,0,0,0,," Rp 170,000 ", Rp -   ,,
83,63829,POWER SUPPLY TMT,PRINTER THERMAL,PCS,NOT MOVING,3,1,254,1%,2,2,0,0,2,0,0,2,0,0,2,0,0,2,0,0,2,0,0,2,0,0,2,0,0,2,0,0,2,0,0,2,0,0,2,0,0,2,0,0,2,0,0,2,0,0,2,0,0,2,0,0,2,0,0,2,0,0,2,0,0,2,0,0,2,0,0,2,0,0,2,0,0,2,0,0,2,0,0,2,0,0,2,0,0,45,1,1,0,0,," Rp 561,917 ", Rp -   ,,
84,6888,ADAPTOR RADIO 18V,RADIO,PCS,NOT MOVING,0,0,254,0%,1,1,0,0,1,0,0,1,0,0,1,0,0,1,0,0,1,0,0,1,0,0,1,0,0,1,0,0,1,0,0,1,0,0,1,0,0,1,0,0,1,0,0,1,0,0,1,0,0,1,0,0,1,0,0,1,0,0,1,0,0,1,0,0,1,0,0,1,0,0,1,0,0,1,0,0,1,0,0,1,0,0,1,0,0,45,0,0,0,0,," Rp 50,372 ", Rp -   ,,
85,32831,ANTENA OMNI PLUS,RADIO,PCS,NOT MOVING,0,0,254,0%,1,1,0,0,1,0,0,1,0,0,1,0,0,1,0,0,1,0,0,1,0,0,1,0,0,1,0,0,1,0,0,1,0,0,1,0,0,1,0,0,1,0,0,1,0,0,1,0,0,1,0,0,1,0,0,1,0,0,1,0,0,1,0,0,1,0,0,1,0,0,1,0,0,1,0,0,1,0,0,1,0,0,1,0,0,45,0,0,0,0,," Rp 493,292 ", Rp -   ,,
86,25104,RADIO HOTSPOT 5EK00,RADIO,PCS,NOT MOVING,0,0,254,0%,1,1,0,0,1,0,0,1,0,0,1,0,0,1,0,0,1,0,0,1,0,0,1,0,0,1,0,0,1,0,0,1,0,0,1,0,0,1,0,0,1,0,0,1,0,0,1,0,0,1,0,0,1,0,0,1,0,0,1,0,0,1,0,0,1,0,0,1,0,0,1,0,0,1,0,0,1,0,0,1,0,0,1,0,0,45,0,0,0,0,," Rp 1,883,624 ", Rp -   ,,
87,63288,ADAPTOR ADAPTOR 12V 2A,STB,PCS,SPECIAL,19,1,185,10%,0,7,4,8,3,0,0,3,0,0,3,8,4,7,0,1,6,0,0,6,3,2,7,13,3,17,0,1,16,0,2,14,0,0,14,0,0,14,4,1,17,0,1,16,0,0,16,0,1,15,0,0,15,0,4,11,0,6,5,0,1,4,0,4,0,0,0,0,0,0,0,0,0,0,0,0,0,16,0,16,0,1,15,0,0,45,5,1,0,0,," Rp 102,591 ", Rp -   ,6,PP Jun 6
88,63712,FLASHDISK 64 GB(C)	,STB,PCS,SPECIAL,19,1,185,10%,0,0,0,0,0,0,0,0,0,0,0,0,0,0,0,0,0,0,0,0,0,0,0,0,0,0,0,0,0,0,0,0,0,0,0,0,0,0,0,0,0,0,0,0,0,0,0,0,0,0,12,0,12,0,0,12,0,6,6,0,0,6,0,6,0,0,0,0,0,0,0,0,0,0,0,0,0,11,0,11,0,6,5,0,0,45,5,1,14,0,," Rp 185,000 "," Rp 2,590,000 ",,
89,2650,USB FLASHDISK,STB,PCS,SPECIAL,0,0,254,0%,0,5,0,1,4,0,1,3,0,3,0,14,2,12,2,0,14,0,0,14,0,0,14,0,4,10,0,1,9,0,1,8,0,0,8,0,0,8,0,0,8,0,7,1,0,1,0,0,0,0,0,0,0,0,0,0,0,0,0,0,0,0,0,0,0,0,0,0,0,0,0,0,0,0,0,0,0,0,0,0,0,0,0,0,0,45,0,1,0,0,," Rp 103,788 ", Rp -   ,,
90,63736,BATERAI UPS 12V-7AH,UPS,PCS,SPECIAL,41,4,254,4%,54,100,0,0,100,0,0,100,0,18,82,0,4,78,0,0,78,0,0,78,0,0,78,0,0,78,0,4,74,0,29,45,0,16,29,0,4,25,51,16,60,0,10,50,0,6,44,0,8,36,34,6,64,0,0,64,0,0,64,0,0,64,0,4,60,0,6,54,0,0,54,0,2,52,0,46,6,0,4,2,0,2,0,16,16,45,10,10,20,0,," Rp 350,000 "," Rp 7,000,000 ",40,PP Jul 40
91,66432,FUSE TABUNG 3 AL 250V,UPS,PCS,SLOW MOVING,0,0,254,0%,21,2,0,0,2,20,0,22,0,0,22,0,0,22,0,0,22,0,0,22,0,0,22,0,0,22,0,0,22,0,0,22,0,0,22,0,0,22,0,1,21,0,0,21,0,0,21,0,0,21,0,0,21,0,0,21,0,0,21,0,0,21,0,0,21,0,0,21,0,0,21,0,0,21,0,0,21,0,0,21,0,0,21,0,0,45,0,0,0,0,," Rp 7,100 ", Rp -   ,,
92,6872,12 PIN FPC CABLE FOR LR2500,WDCP,PCS,KIRIM HO,0,0,254,0%,0,10,0,5,5,0,5,0,0,0,0,0,0,0,0,0,0,0,0,0,0,0,0,0,0,0,0,0,0,0,0,0,0,0,0,0,0,0,0,0,0,0,0,0,0,0,0,0,0,0,0,0,0,0,0,0,0,0,0,0,0,0,0,0,0,0,0,0,0,0,0,0,0,0,0,0,0,0,0,0,0,0,0,0,0,45,0,0,0,0,," Rp 16,198 ", Rp -   ,,Per tanggal 27 Sep 2024 service WDCP langsung ke HO (Special Project)
93,68282,AI3220-RIOTEC ENGINE SCANNER,WDCP,PCS,KIRIM HO,0,0,254,0%,0,3,0,0,3,0,1,2,0,0,2,0,0,2,0,2,0,0,0,0,0,0,0,0,0,0,0,0,0,0,0,0,0,0,0,0,0,0,0,0,0,0,0,0,0,0,0,0,0,0,0,0,0,0,0,0,0,0,0,0,0,0,0,0,0,0,0,0,0,0,0,0,0,0,0,0,0,0,0,0,0,0,0,0,0,45,0,0,0,0,," Rp 934,202 ", Rp -   ,,Per tanggal 27 Sep 2024 service WDCP langsung ke HO (Special Project)
94,6878,BOX DCP WIRELESS,WDCP,PCS,KIRIM HO,0,0,254,0%,0,11,0,1,10,0,0,10,0,0,10,0,0,10,0,0,10,0,0,10,0,0,10,0,0,10,0,1,9,0,0,9,0,0,9,0,0,9,0,9,0,0,0,0,0,0,0,0,0,0,0,0,0,0,0,0,0,0,0,0,0,0,0,0,0,0,0,0,0,0,0,0,0,0,0,0,0,0,0,0,0,0,0,0,0,45,0,0,0,0,," Rp 34,173 ", Rp -   ,,Per tanggal 27 Sep 2024 service WDCP langsung ke HO (Special Project)
95,8920,BUZZER TDB05PN,WDCP,PCS,KIRIM HO,0,0,254,0%,0,15,0,0,15,0,0,15,0,0,15,0,0,15,0,0,15,0,0,15,0,0,15,0,0,15,0,0,15,0,0,15,0,0,15,0,0,15,0,15,0,0,0,0,0,0,0,0,0,0,0,0,0,0,0,0,0,0,0,0,0,0,0,0,0,0,0,0,0,0,0,0,0,0,0,0,0,0,0,0,0,0,0,0,0,45,0,0,0,0,," Rp 3,649 ", Rp -   ,,Per tanggal 27 Sep 2024 service WDCP langsung ke HO (Special Project)
96,6881,CHARGER 1A/2A SMARTPHONE,WDCP,PCS,KIRIM HO,3,1,254,1%,7,51,0,4,47,0,4,43,0,5,38,0,10,28,0,0,28,0,0,28,0,0,28,0,16,12,0,2,10,0,0,10,0,0,10,0,2,8,0,0,8,0,1,7,0,0,7,0,0,7,0,0,7,0,0,7,0,0,7,0,0,7,0,0,7,0,0,7,0,0,7,0,0,7,0,0,7,0,0,7,0,0,7,0,0,45,1,0,0,0,," Rp 49,404 ", Rp -   ,,Per tanggal 27 Sep 2024 service WDCP langsung ke HO (Special Project)
97,65938,CHARGER TABLET -,WDCP,PCS,KIRIM HO,3,1,254,1%,5,0,0,0,0,0,0,0,25,11,14,0,0,14,0,1,13,0,0,13,0,0,13,0,3,10,0,2,8,0,1,7,0,0,7,0,0,7,0,0,7,0,0,7,0,0,7,0,0,7,0,0,7,0,1,6,0,0,6,0,0,6,0,0,6,0,0,6,0,1,5,0,2,3,0,0,3,0,0,3,0,0,3,1,1,45,1,0,0,0,," Rp 120,000 ", Rp -   ,,Per tanggal 27 Sep 2024 service WDCP langsung ke HO (Special Project)
98,2952,IC ATMEGA 162,WDCP,PCS,KIRIM HO,0,0,254,0%,14,14,0,0,14,0,0,14,0,0,14,0,0,14,0,0,14,0,0,14,0,0,14,0,0,14,0,0,14,0,0,14,0,0,14,0,0,14,0,0,14,0,0,14,0,0,14,0,0,14,0,0,14,0,0,14,0,0,14,0,0,14,0,0,14,0,0,14,0,0,14,0,0,14,0,0,14,0,0,14,0,0,14,0,0,45,0,0,0,0,," Rp 70,001 ", Rp -   ,,Per tanggal 27 Sep 2024 service WDCP langsung ke HO (Special Project)
99,7751,IC LM 1117 SMD,WDCP,PCS,KIRIM HO,0,0,254,0%,0,3,0,0,3,0,0,3,0,0,3,0,0,3,0,0,3,0,0,3,0,0,3,0,0,3,0,0,3,0,0,3,0,0,3,0,0,3,0,3,0,0,0,0,0,0,0,0,0,0,0,0,0,0,0,0,0,0,0,0,0,0,0,0,0,0,0,0,0,0,0,0,0,0,0,0,0,0,0,0,0,0,0,0,0,45,0,0,0,0,," Rp 9,100 ", Rp -   ,,Per tanggal 27 Sep 2024 service WDCP langsung ke HO (Special Project)
100,7079,IC LM 2576,WDCP,PCS,KIRIM HO,0,0,254,0%,23,23,0,0,23,0,0,23,0,0,23,0,0,23,0,0,23,0,0,23,0,0,23,0,0,23,0,0,23,0,0,23,0,0,23,0,0,23,0,0,23,0,0,23,0,0,23,0,0,23,0,0,23,0,0,23,0,0,23,0,0,23,0,0,23,0,0,23,0,0,23,0,0,23,0,0,23,0,0,23,0,0,23,0,0,45,0,0,0,0,," Rp 33,380 ", Rp -   ,,Per tanggal 27 Sep 2024 service WDCP langsung ke HO (Special Project)
101,72918,KABEL DATA USB (TYPE C),WDCP,PCS,KIRIM HO,0,0,254,0%,0,0,0,0,0,0,0,0,0,0,0,0,0,0,0,0,0,0,0,0,0,0,0,0,0,0,0,0,0,0,0,0,0,0,0,0,0,0,0,0,0,0,0,0,0,0,0,0,0,0,0,0,0,0,0,0,0,0,0,0,0,0,0,0,0,0,0,0,0,0,0,0,0,0,0,0,0,0,0,0,0,0,0,0,0,45,0,0,0,0,," Rp 12,850 ", Rp -   ,,Per tanggal 27 Sep 2024 service WDCP langsung ke HO (Special Project)
102,9107,LCD CNG 12864-B,WDCP,PCS,KIRIM HO,0,0,254,0%,0,6,0,1,5,0,1,4,0,2,2,0,2,0,0,0,0,0,0,0,0,0,0,0,0,0,0,0,0,0,0,0,0,0,0,0,0,0,0,0,0,0,0,0,0,0,0,0,0,0,0,0,0,0,0,0,0,0,0,0,0,0,0,0,0,0,0,0,0,0,0,0,0,0,0,0,0,0,0,0,0,0,0,0,0,45,0,0,0,0,," Rp 207,657 ", Rp -   ,,Per tanggal 27 Sep 2024 service WDCP langsung ke HO (Special Project)
103,6875,LITHIUM BATTERY:U6840115 3.7V 3800MAH -,WDCP,PCS,KIRIM HO,0,0,254,0%,0,17,0,5,12,10,22,0,0,0,0,0,0,0,0,0,0,0,0,0,0,0,0,0,0,0,0,0,0,0,0,0,0,0,0,0,0,0,0,0,0,0,0,0,0,0,0,0,0,0,0,0,0,0,0,0,0,0,0,0,0,0,0,0,0,0,0,0,0,0,0,0,0,0,0,0,0,0,0,0,0,0,0,0,0,45,0,0,0,0,," Rp 198,000 ", Rp -   ,,Per tanggal 27 Sep 2024 service WDCP langsung ke HO (Special Project)
104,6869,METAL DOME KEYPAD,WDCP,PCS,KIRIM HO,0,0,254,0%,0,6,0,0,6,5,0,11,0,1,10,0,0,10,0,2,8,0,0,8,0,0,8,0,0,8,0,0,8,0,0,8,0,0,8,0,0,8,0,8,0,0,0,0,0,0,0,0,0,0,0,0,0,0,0,0,0,0,0,0,0,0,0,0,0,0,0,0,0,0,0,0,0,0,0,0,0,0,0,0,0,0,0,0,0,45,0,0,0,0,," Rp 13,791 ", Rp -   ,,Per tanggal 27 Sep 2024 service WDCP langsung ke HO (Special Project)
105,6876,PCBA SIZE:38*22MM 5V1A,WDCP,PCS,KIRIM HO,0,0,254,0%,0,0,0,0,0,25,25,0,0,0,0,0,0,0,0,0,0,0,0,0,0,0,0,0,0,0,0,0,0,0,0,0,0,0,0,0,0,0,0,0,0,0,0,0,0,0,0,0,0,0,0,0,0,0,0,0,0,0,0,0,0,0,0,0,0,0,0,0,0,0,0,0,0,0,0,0,0,0,0,0,0,0,0,0,0,45,0,0,0,0,," Rp 95,289 ", Rp -   ,,Per tanggal 27 Sep 2024 service WDCP langsung ke HO (Special Project)
106,6880,RUBBER KEYPAD,WDCP,PCS,KIRIM HO,0,0,254,0%,0,1,0,0,1,10,0,11,0,1,10,0,0,10,0,2,8,0,0,8,0,0,8,0,0,8,0,0,8,0,0,8,0,0,8,0,0,8,0,8,0,0,0,0,0,0,0,0,0,0,0,0,0,0,0,0,0,0,0,0,0,0,0,0,0,0,0,0,0,0,0,0,0,0,0,0,0,0,0,0,0,0,0,0,0,45,0,0,0,0,," Rp 22,095 ", Rp -   ,,Per tanggal 27 Sep 2024 service WDCP langsung ke HO (Special Project)
107,62706,SOCKET MICRO USB -,WDCP,PCS,KIRIM HO,0,0,254,0%,0,66,0,4,62,0,7,55,0,11,44,0,40,4,0,4,0,0,0,0,0,0,0,0,0,0,0,0,0,0,0,0,0,0,0,0,0,0,0,0,0,0,0,0,0,0,0,0,0,0,0,0,0,0,0,0,0,0,0,0,0,0,0,0,0,0,0,0,0,0,0,0,0,0,0,0,0,0,0,0,0,0,0,0,0,45,0,0,0,0,," Rp 17,000 ", Rp -   ,,Per tanggal 27 Sep 2024 service WDCP langsung ke HO (Special Project)
108,7777,SWITCH DPDT PUSH ON/OFF,WDCP,PCS,KIRIM HO,0,0,254,0%,0,2,0,2,0,15,15,0,0,0,0,0,0,0,0,0,0,0,0,0,0,0,0,0,0,0,0,0,0,0,0,0,0,0,0,0,0,0,0,0,0,0,0,0,0,0,0,0,0,0,0,0,0,0,0,0,0,0,0,0,0,0,0,0,0,0,0,0,0,0,0,0,0,0,0,0,0,0,0,0,0,0,0,0,0,45,0,0,0,0,," Rp 24,230 ", Rp -   ,,Per tanggal 27 Sep 2024 service WDCP langsung ke HO (Special Project)
109,8919,TACT SWITCH 12 MM + YELLOW HAT,WDCP,PCS,KIRIM HO,0,0,254,0%,0,7,0,0,7,10,3,14,0,1,13,0,4,9,0,0,9,0,0,9,0,0,9,0,5,4,0,0,4,0,0,4,0,0,4,0,0,4,0,4,0,0,0,0,0,0,0,0,0,0,0,0,0,0,0,0,0,0,0,0,0,0,0,0,0,0,0,0,0,0,0,0,0,0,0,0,0,0,0,0,0,0,0,0,0,45,0,0,0,0,," Rp 4,425 ", Rp -   ,,Per tanggal 27 Sep 2024 service WDCP langsung ke HO (Special Project)
110,9529,TRANSISTOR BC817 SMD,WDCP,PCS,KIRIM HO,0,0,254,0%,0,10,0,0,10,0,0,10,0,0,10,0,0,10,0,0,10,0,0,10,0,0,10,0,0,10,0,0,10,0,0,10,0,0,10,0,0,10,0,10,0,0,0,0,0,0,0,0,0,0,0,0,0,0,0,0,0,0,0,0,0,0,0,0,0,0,0,0,0,0,0,0,0,0,0,0,0,0,0,0,0,0,0,0,0,45,0,0,0,0,, Rp 959 , Rp -   ,,Per tanggal 27 Sep 2024 service WDCP langsung ke HO (Special Project)
111,6882,USB DATA CABLE SMARTPHONE,WDCP,PCS,KIRIM HO,3,1,254,1%,0,46,0,3,43,0,5,38,0,5,33,0,10,23,0,0,23,0,0,23,0,0,23,0,18,5,0,2,3,0,0,3,0,0,3,0,2,1,0,0,1,0,1,0,0,0,0,0,0,0,0,0,0,0,0,0,0,0,0,0,0,0,0,0,0,0,0,0,0,0,0,0,0,0,0,0,0,0,0,0,0,0,0,0,0,45,1,0,0,0,," Rp 9,750 ", Rp -   ,,Per tanggal 27 Sep 2024 service WDCP langsung ke HO (Special Project)
112,66494,USB DATA CABLE SMARTPHONE -,WDCP,PCS,KIRIM HO,3,1,254,1%,5,0,0,0,0,0,0,0,25,11,14,0,0,14,0,1,13,0,0,13,0,0,13,0,3,10,0,0,10,0,3,7,0,0,7,0,0,7,0,0,7,0,0,7,0,0,7,0,0,7,0,0,7,0,1,6,0,0,6,0,0,6,0,0,6,0,0,6,0,1,5,0,2,3,0,0,3,0,0,3,0,0,3,1,1,45,1,0,0,0,," Rp 65,000 ", Rp -   ,,Per tanggal 27 Sep 2024 service WDCP langsung ke HO (Special Project)
113,40602,WDCP 2021,WDCP,PCS,KIRIM HO,0,0,254,0%,0,42,0,0,42,0,12,30,13,17,26,0,6,20,0,0,20,0,6,14,0,7,7,0,1,6,0,4,2,0,0,2,0,0,2,0,2,0,0,0,0,0,0,0,0,0,0,0,0,0,0,0,0,0,0,0,0,0,0,0,0,0,0,0,0,0,0,0,0,0,0,0,0,0,0,0,0,0,0,0,0,0,0,0,0,45,0,0,0,0,," Rp 2,374,638 ", Rp -   ,,Per tanggal 27 Sep 2024 service WDCP langsung ke HO (Special Project)
114,8922,XTALL 8000MHZ SMD,WDCP,PCS,KIRIM HO,0,0,254,0%,0,5,0,0,5,0,0,5,0,0,5,0,0,5,0,0,5,0,0,5,0,0,5,0,0,5,0,0,5,0,0,5,0,0,5,0,0,5,0,5,0,0,0,0,0,0,0,0,0,0,0,0,0,0,0,0,0,0,0,0,0,0,0,0,0,0,0,0,0,0,0,0,0,0,0,0,0,0,0,0,0,0,0,0,0,45,0,0,0,0,," Rp 2,911 ", Rp -   ,,Per tanggal 27 Sep 2024 service WDCP langsung ke HO (Special Project)
,,TOTAL,,,,,,,,839,2296,1614,301,3609,249,225,3633,88,647,3074,415,543,2946,23,320,2649,21,6,2664,416,23,3057,775,1790,2042,0,685,1357,0,145,1212,900,250,1862,0,656,1206,1332,306,2232,0,444,1788,1300,148,2940,48,751,2237,518,269,2486,0,154,2332,2,315,2019,646,56,2609,0,1502,1107,0,258,849,111,121,839,587,246,1180,500,583,1097,963,232,1828,0,458,1370,,,,,,1610,,,,,,